﻿pos_x,pos_y,rotation,side,designator,mpn,pack,footprint,value,mount_type
266.364206,117.837082,90.0,bottom,D1,,,D_SOD-123,D_Small,smt
320.534206,108.114582,90.0,bottom,D10,,,D_SOD-123,D_Small,smt
338.534206,105.634582,90.0,bottom,D11,,,D_SOD-123,D_Small,smt
357.084206,103.344582,90.0,bottom,D12,,,D_SOD-123,D_Small,smt
267.064206,83.844582,90.0,bottom,D13,,,D_SOD-123,D_Small,smt
285.054206,83.837082,90.0,bottom,D14,,,D_SOD-123,D_Small,smt
303.064206,88.637082,90.0,bottom,D15,,,D_SOD-123,D_Small,smt
320.524206,91.134582,90.0,bottom,D16,,,D_SOD-123,D_Small,smt
338.514206,88.637082,90.0,bottom,D17,,,D_SOD-123,D_Small,smt
357.074206,86.324582,90.0,bottom,D18,,,D_SOD-123,D_Small,smt
267.044206,66.834582,90.0,bottom,D19,,,D_SOD-123,D_Small,smt
285.364206,117.894582,90.0,bottom,D2,,,D_SOD-123,D_Small,smt
285.069848,66.831843,90.0,bottom,D20,,,D_SOD-123,D_Small,smt
303.044206,71.644582,90.0,bottom,D21,,,D_SOD-123,D_Small,smt
320.454206,74.134582,90.0,bottom,D22,,,D_SOD-123,D_Small,smt
338.634206,71.627082,90.0,bottom,D23,,,D_SOD-123,D_Small,smt
357.074206,69.334582,90.0,bottom,D24,,,D_SOD-123,D_Small,smt
270.224206,57.472082,-90.0,bottom,D25,,,D_SOD-123,D_Small,smt
292.364206,59.744582,-90.0,bottom,D26,,,D_SOD-123,D_Small,smt
313.474206,62.234582,-90.0,bottom,D27,,,D_SOD-123,D_Small,smt
334.334206,60.984582,-90.0,bottom,D28,,,D_SOD-123,D_Small,smt
357.134206,60.954582,-90.0,bottom,D29,,,D_SOD-123,D_Small,smt
303.434206,122.634582,90.0,bottom,D3,,,D_SOD-123,D_Small,smt
364.394206,60.954582,-90.0,bottom,D30,,,D_SOD-123,D_Small,smt
157.711764,120.285,90.0,bottom,D31,,,D_SOD-123,D_Small,smt
175.711764,122.595,90.0,bottom,D32,,,D_SOD-123,D_Small,smt
193.131764,125.1575,90.0,bottom,D33,,,D_SOD-123,D_Small,smt
211.146509,122.677388,90.0,bottom,D34,,,D_SOD-123,D_Small,smt
229.278383,117.864794,90.0,bottom,D35,,,D_SOD-123,D_Small,smt
247.687058,117.884293,90.0,bottom,D36,,,D_SOD-123,D_Small,smt
157.711764,103.345,90.0,bottom,D37,,,D_SOD-123,D_Small,smt
175.691764,105.695,90.0,bottom,D38,,,D_SOD-123,D_Small,smt
193.131764,108.145,90.0,bottom,D39,,,D_SOD-123,D_Small,smt
320.614206,125.114582,90.0,bottom,D4,,,D_SOD-123,D_Small,smt
211.071764,105.675,90.0,bottom,D40,,,D_SOD-123,D_Small,smt
229.161147,100.86141,90.0,bottom,D41,,,D_SOD-123,D_Small,smt
247.688201,100.879012,90.0,bottom,D42,,,D_SOD-123,D_Small,smt
157.688485,86.337045,90.0,bottom,D43,,,D_SOD-123,D_Small,smt
175.661764,88.675,90.0,bottom,D44,,,D_SOD-123,D_Small,smt
193.151764,91.135,90.0,bottom,D45,,,D_SOD-123,D_Small,smt
211.121764,88.675,90.0,bottom,D46,,,D_SOD-123,D_Small,smt
229.721764,83.875,90.0,bottom,D47,,,D_SOD-123,D_Small,smt
247.741764,83.8875,90.0,bottom,D48,,,D_SOD-123,D_Small,smt
157.701764,69.335,90.0,bottom,D49,,,D_SOD-123,D_Small,smt
338.552957,122.62805,90.0,bottom,D5,,,D_SOD-123,D_Small,smt
175.711764,71.685,90.0,bottom,D50,,,D_SOD-123,D_Small,smt
193.081764,74.135,90.0,bottom,D51,,,D_SOD-123,D_Small,smt
211.071764,71.675,90.0,bottom,D52,,,D_SOD-123,D_Small,smt
229.721764,66.895,90.0,bottom,D53,,,D_SOD-123,D_Small,smt
247.711764,66.875,90.0,bottom,D54,,,D_SOD-123,D_Small,smt
136.351764,63.795,180.0,bottom,D55,,,D_SOD-123,D_Small,smt
166.191764,62.1775,-90.0,bottom,D56,,,D_SOD-123,D_Small,smt
186.891764,63.565,-90.0,bottom,D57,,,D_SOD-123,D_Small,smt
207.501764,61.515,-90.0,bottom,D58,,,D_SOD-123,D_Small,smt
229.381764,58.695,-90.0,bottom,D59,,,D_SOD-123,D_Small,smt
357.054206,120.294582,90.0,bottom,D6,,,D_SOD-123,D_Small,smt
243.841764,61.3725,-90.0,bottom,D60,,,D_SOD-123,D_Small,smt
376.354206,88.384582,180.0,bottom,D61,,,D_SOD-123,D_Small,smt
135.401764,85.395,180.0,bottom,D62,,,D_SOD-123,D_Small,smt
267.024206,100.837082,90.0,bottom,D7,,,D_SOD-123,D_Small,smt
285.064206,100.824582,90.0,bottom,D8,,,D_SOD-123,D_Small,smt
302.984206,105.624582,90.0,bottom,D9,,,D_SOD-123,D_Small,smt
360.404206,131.694582,90.0,bottom,J31,,,JST_PH_S2B-PH-K_1x02_P2.00mm_Horizontal,Conn_01x02_Socket,tht
140.221764,133.455,-90.0,bottom,J32,,,JST_PH_S2B-PH-K_1x02_P2.00mm_Horizontal,Conn_01x02_Socket,tht
259.994206,125.434582,180.0,bottom,MX1,,,SW_choc_v1_HS_CPG135001S30_1u,MX_SW_HS,smt
313.994206,115.734582,180.0,bottom,MX10,,,SW_choc_v1_HS_CPG135001S30_1u,MX_SW_HS,smt
331.994206,113.234582,180.0,bottom,MX11,,,SW_choc_v1_HS_CPG135001S30_1u,MX_SW_HS,smt
349.994206,110.934582,180.0,bottom,MX12,,,SW_choc_v1_HS_CPG135001S30_1u,MX_SW_HS,smt
259.994206,91.434582,180.0,bottom,MX13,,,SW_choc_v1_HS_CPG135001S30_1u,MX_SW_HS,smt
277.994206,91.434582,180.0,bottom,MX14,,,SW_choc_v1_HS_CPG135001S30_1u,MX_SW_HS,smt
295.994206,96.234582,180.0,bottom,MX15,,,SW_choc_v1_HS_CPG135001S30_1u,MX_SW_HS,smt
313.994206,98.734582,180.0,bottom,MX16,,,SW_choc_v1_HS_CPG135001S30_1u,MX_SW_HS,smt
331.994206,96.234582,180.0,bottom,MX17,,,SW_choc_v1_HS_CPG135001S30_1u,MX_SW_HS,smt
349.994206,93.934582,180.0,bottom,MX18,,,SW_choc_v1_HS_CPG135001S30_1u,MX_SW_HS,smt
259.994206,74.434582,180.0,bottom,MX19,,,SW_choc_v1_HS_CPG135001S30_1u,MX_SW_HS,smt
277.994206,125.434582,180.0,bottom,MX2,,,SW_choc_v1_HS_CPG135001S30_1u,MX_SW_HS,smt
277.994206,74.434582,180.0,bottom,MX20,,,SW_choc_v1_HS_CPG135001S30_1u,MX_SW_HS,smt
295.994206,79.234582,180.0,bottom,MX21,,,SW_choc_v1_HS_CPG135001S30_1u,MX_SW_HS,smt
313.994206,81.734582,180.0,bottom,MX22,,,SW_choc_v1_HS_CPG135001S30_1u,MX_SW_HS,smt
331.994206,79.234582,180.0,bottom,MX23,,,SW_choc_v1_HS_CPG135001S30_1u,MX_SW_HS,smt
349.994206,76.934582,180.0,bottom,MX24,,,SW_choc_v1_HS_CPG135001S30_1u,MX_SW_HS,smt
260.004206,57.434582,180.0,bottom,MX25,,,SW_choc_v1_HS_CPG135001S30_1u,MX_SW_HS,smt
283.024206,55.664582,-164.0,bottom,MX26,,,SW_choc_v1_HS_CPG135001S30_1u,MX_SW_HS,smt
303.464206,59.834582,-175.0,bottom,MX27,,,SW_choc_v1_HS_CPG135001S30_1u,MX_SW_HS,smt
324.03814,60.022013,177.0,bottom,MX28,,,SW_choc_v1_HS_CPG135001S30_1u,MX_SW_HS,smt
344.414206,57.224582,168.0,bottom,MX29,,,SW_choc_v1_HS_CPG135001S30_1u,MX_SW_HS,smt
295.994206,130.234582,180.0,bottom,MX3,,,SW_choc_v1_HS_CPG135001S30_1u,MX_SW_HS,smt
369.744206,52.504582,63.0,bottom,MX30,,,SW_choc_v1_HS_CPG135001S30_1u,MX_SW_HS,smt
150.634114,127.93625,180.0,bottom,MX31,,,SW_choc_v1_HS_CPG135001S30_1u,MX_SW_HS,smt
168.634114,130.28625,180.0,bottom,MX32,,,SW_choc_v1_HS_CPG135001S30_1u,MX_SW_HS,smt
186.634114,132.73625,180.0,bottom,MX33,,,SW_choc_v1_HS_CPG135001S30_1u,MX_SW_HS,smt
204.621764,130.275,180.0,bottom,MX34,,,SW_choc_v1_HS_CPG135001S30_1u,MX_SW_HS,smt
222.616764,125.475,180.0,bottom,MX35,,,SW_choc_v1_HS_CPG135001S30_1u,MX_SW_HS,smt
240.616764,125.475,180.0,bottom,MX36,,,SW_choc_v1_HS_CPG135001S30_1u,MX_SW_HS,smt
150.634114,110.93625,180.0,bottom,MX37,,,SW_choc_v1_HS_CPG135001S30_1u,MX_SW_HS,smt
168.634114,113.28625,180.0,bottom,MX38,,,SW_choc_v1_HS_CPG135001S30_1u,MX_SW_HS,smt
186.634114,115.73625,180.0,bottom,MX39,,,SW_choc_v1_HS_CPG135001S30_1u,MX_SW_HS,smt
313.994206,132.734582,180.0,bottom,MX4,,,SW_choc_v1_HS_CPG135001S30_1u,MX_SW_HS,smt
204.621764,113.275,180.0,bottom,MX40,,,SW_choc_v1_HS_CPG135001S30_1u,MX_SW_HS,smt
222.616764,108.475,180.0,bottom,MX41,,,SW_choc_v1_HS_CPG135001S30_1u,MX_SW_HS,smt
240.616764,108.475,180.0,bottom,MX42,,,SW_choc_v1_HS_CPG135001S30_1u,MX_SW_HS,smt
150.634114,93.93625,180.0,bottom,MX43,,,SW_choc_v1_HS_CPG135001S30_1u,MX_SW_HS,smt
168.634114,96.28625,180.0,bottom,MX44,,,SW_choc_v1_HS_CPG135001S30_1u,MX_SW_HS,smt
186.634114,98.73625,180.0,bottom,MX45,,,SW_choc_v1_HS_CPG135001S30_1u,MX_SW_HS,smt
204.621764,96.275,180.0,bottom,MX46,,,SW_choc_v1_HS_CPG135001S30_1u,MX_SW_HS,smt
222.616764,91.475,180.0,bottom,MX47,,,SW_choc_v1_HS_CPG135001S30_1u,MX_SW_HS,smt
240.616764,91.475,180.0,bottom,MX48,,,SW_choc_v1_HS_CPG135001S30_1u,MX_SW_HS,smt
150.634114,76.93625,180.0,bottom,MX49,,,SW_choc_v1_HS_CPG135001S30_1u,MX_SW_HS,smt
331.994206,130.234582,180.0,bottom,MX5,,,SW_choc_v1_HS_CPG135001S30_1u,MX_SW_HS,smt
168.634114,79.28625,180.0,bottom,MX50,,,SW_choc_v1_HS_CPG135001S30_1u,MX_SW_HS,smt
186.634114,81.73625,180.0,bottom,MX51,,,SW_choc_v1_HS_CPG135001S30_1u,MX_SW_HS,smt
204.621764,79.275,180.0,bottom,MX52,,,SW_choc_v1_HS_CPG135001S30_1u,MX_SW_HS,smt
222.616764,74.475,180.0,bottom,MX53,,,SW_choc_v1_HS_CPG135001S30_1u,MX_SW_HS,smt
240.616764,74.475,180.0,bottom,MX54,,,SW_choc_v1_HS_CPG135001S30_1u,MX_SW_HS,smt
130.878712,52.504464,-63.0,bottom,MX55,,,SW_choc_v1_HS_CPG135001S30_1u,MX_SW_HS,smt
156.191576,57.208514,-168.0,bottom,MX56,,,SW_choc_v1_HS_CPG135001S30_1u,MX_SW_HS,smt
176.521764,60.025,-177.0,bottom,MX57,,,SW_choc_v1_HS_CPG135001S30_1u,MX_SW_HS,smt
197.171764,59.815,175.0,bottom,MX58,,,SW_choc_v1_HS_CPG135001S30_1u,MX_SW_HS,smt
217.584825,55.631005,164.0,bottom,MX59,,,SW_choc_v1_HS_CPG135001S30_1u,MX_SW_HS,smt
349.994206,127.934582,180.0,bottom,MX6,,,SW_choc_v1_HS_CPG135001S30_1u,MX_SW_HS,smt
240.611764,57.445,180.0,bottom,MX60,,,SW_choc_v1_HS_CPG135001S30_1u,MX_SW_HS,smt
259.994206,108.434582,180.0,bottom,MX7,,,SW_choc_v1_HS_CPG135001S30_1u,MX_SW_HS,smt
277.994206,108.434582,180.0,bottom,MX8,,,SW_choc_v1_HS_CPG135001S30_1u,MX_SW_HS,smt
295.994206,113.234582,180.0,bottom,MX9,,,SW_choc_v1_HS_CPG135001S30_1u,MX_SW_HS,smt
372.234206,78.374582,0.0,top,SW1,,,ROT_Alps_EC11E-Switch,RotaryEncoder_Switch,tht
128.421764,78.315,0.0,top,SW2,,,ROT_Alps_EC11E-Switch,RotaryEncoder_Switch,tht
373.004206,96.269582,180.0,top,SW_POWERR31,,,SW_SPDT_PCM12,SW_SPDT,smt
127.281764,96.259999,180.0,top,SW_POWERR32,,,SW_SPDT_PCM12,SW_SPDT,smt
